{
    "model_name": "PhenoGrass",
    "parameters": {
        "b2": 0.0006108579659410696,
        "b3": 0.020963435310882073,
        "b4": 2.2947980727548467,
        "Phmax": 28.248516432734196,
        "Phmin": 28.24846908701631,
        "Topt": 29.10222087953086,
        "L": 19.122366754976106,
        "h": 450.35832637566784,
        "b1": -1
    },
    "metadata": {
        "fitting_info": {
            "method": "DE",
            "loss_function": "mean_cvmae",
            "optimize_output": {
                "fun": 0.336994354289139,
                "nfev": 6280000,
                "nit": 3924,
                "message": "Optimization terminated successfully.",
                "success": true
            }
        },
        "fitting_set": "ecoregion-vegtype_NWForests_GR",
        "timeseries_used": "1,11,17,18,57,58,59"
    }
}