{
    "model_name": "PhenoGrass",
    "parameters": {
        "b2": 0.020101679909039993,
        "b3": 0.024204700700245052,
        "b4": 9.53741392775287,
        "Phmax": 44.35571749734794,
        "Phmin": 35.44301508004948,
        "Topt": 21.003620134918435,
        "L": 0.016642498019685092,
        "h": 98.07660946283016,
        "b1": -1
    },
    "metadata": {
        "fitting_info": {
            "method": "DE",
            "loss_function": "mean_cvmae",
            "optimize_output": {
                "fun": 0.5626895545076617,
                "nfev": 9251200,
                "nit": 5781,
                "message": "Optimization terminated successfully.",
                "success": true
            }
        },
        "fitting_set": "ecoregion-vegtype_GrPlains_AG",
        "timeseries_used": "7,12,20,49,50,53,54,55,56,61,66,76,81"
    }
}