{
    "model_name": "PhenoGrass",
    "parameters": {
        "b2": 0.021709631658200473,
        "b3": 0.02446024567826477,
        "b4": 5.4961017192793316,
        "Phmax": 49.63680251278192,
        "Phmin": 35.26796262636949,
        "Topt": 8.445781406804736,
        "L": 0.43432556636725117,
        "h": 127.71408513120076,
        "b1": -1
    },
    "metadata": {
        "fitting_info": {
            "method": "DE",
            "loss_function": "mean_cvmae",
            "optimize_output": {
                "fun": 0.5105622273577864,
                "nfev": 1062400,
                "nit": 663,
                "message": "Optimization terminated successfully.",
                "success": true
            }
        },
        "fitting_set": "vegtype_AG",
        "timeseries_used": "2,3,4,5,6,7,12,20,22,23,24,25,26,27,38,39,40,41,42,43,49,50,51,53,54,55,56,61,66,76,79,81,96,100,101,103,104,106"
    }
}