{
    "model_name": "PhenoGrass",
    "parameters": {
        "b2": 0.0014882616221836287,
        "b3": 0.12151530496365126,
        "b4": 0.11061259198861961,
        "Phmax": 49.38927301209182,
        "Phmin": 8.295621377160035,
        "Topt": 27.914985032296013,
        "L": 3.943683341513818,
        "h": 1.028100465779687,
        "b1": -1
    },
    "metadata": {
        "fitting_info": {
            "method": "DE",
            "loss_function": "mean_cvmae",
            "optimize_output": {
                "fun": 0.4354668654047183,
                "nfev": 1745600,
                "nit": 1090,
                "message": "Optimization terminated successfully.",
                "success": true
            }
        },
        "fitting_set": "vegtype_GR",
        "timeseries_used": "1,9,11,13,14,15,17,18,28,31,32,36,44,46,47,52,57,58,59,60,62,63,64,65,67,68,69,71,74,77,80,95,97,99,105,107,108,109"
    }
}