{
    "model_name": "PhenoGrass",
    "parameters": {
        "b2": 0.0004281639280815652,
        "b3": 0.07457815601494033,
        "b4": 0.11587811729040975,
        "Phmax": 43.17440392531384,
        "Phmin": 9.162145485962792,
        "Topt": 26.17102833558337,
        "L": 0.11705672502810849,
        "h": 191.12198541567307,
        "b1": -1
    },
    "metadata": {
        "fitting_info": {
            "method": "DE",
            "loss_function": "mean_cvmae",
            "optimize_output": {
                "fun": 0.5003069311694835,
                "nfev": 892800,
                "nit": 557,
                "message": "Optimization terminated successfully.",
                "success": true
            }
        },
        "fitting_set": "allsites",
        "timeseries_used": "1,2,3,4,5,6,7,9,10,11,12,13,14,15,17,18,20,21,22,23,24,25,26,27,28,30,31,32,33,34,35,36,37,38,39,40,41,42,43,44,45,46,47,48,49,50,51,52,53,54,55,56,57,58,59,60,61,62,63,64,65,66,67,68,69,70,71,73,74,75,76,77,78,79,80,81,92,95,96,97,98,99,100,101,103,104,105,106,107,108,109"
    }
}