{
    "model_name": "PhenoGrass",
    "parameters": {
        "b2": 0.0001826001980989589,
        "b3": 0.0282041535715587,
        "b4": 0.14495554227412377,
        "Phmax": 48.173631104410106,
        "Phmin": 31.83023618331966,
        "Topt": 16.695477232760116,
        "L": 0.18176739588325397,
        "h": 982.4383568348075,
        "b1": -1
    },
    "metadata": {
        "fitting_info": {
            "method": "DE",
            "loss_function": "mean_cvmae",
            "optimize_output": {
                "fun": 0.4176832066775755,
                "nfev": 2484800,
                "nit": 1552,
                "message": "Optimization terminated successfully.",
                "success": true
            }
        },
        "fitting_set": "ecoregion_ETempForests",
        "timeseries_used": "2,3,4,5,6,9,25,26,27,38,39,40,41,42,43,51,60,80,95,96,100,103,104,105,106,108"
    }
}