{
    "model_name": "PhenoGrass",
    "parameters": {
        "b2": 0.000597083264864684,
        "b3": 0.16736743117232677,
        "b4": 0.04037029081693788,
        "Phmax": 29.52226456178792,
        "Phmin": 9.369272767847782,
        "Topt": 5.724808024420334,
        "L": 0.16470782925143368,
        "h": 1.0167731319994573,
        "b1": -1
    },
    "metadata": {
        "fitting_info": {
            "method": "DE",
            "loss_function": "mean_cvmae",
            "optimize_output": {
                "fun": 0.6474867325943531,
                "nfev": 1860800,
                "nit": 1162,
                "message": "Optimization terminated successfully.",
                "success": true
            }
        },
        "fitting_set": "ecoregion_MedCA",
        "timeseries_used": "37,75,99,101,109"
    }
}