{
    "model_name": "PhenoGrass",
    "parameters": {
        "b2": 0.0011978946499394683,
        "b3": 0.026551162241041926,
        "b4": 0.1307084944512038,
        "Phmax": 48.24476770382893,
        "Phmin": 22.45017822959024,
        "Topt": 25.34224143548583,
        "L": 0.6633378952716011,
        "h": 1.260141597439258,
        "b1": -1
    },
    "metadata": {
        "fitting_info": {
            "method": "DE",
            "loss_function": "mean_cvmae",
            "optimize_output": {
                "fun": 0.32594489632012535,
                "nfev": 6382400,
                "nit": 3988,
                "message": "Optimization terminated successfully.",
                "success": true
            }
        },
        "fitting_set": "ecoregion-vegtype_NADeserts_SH",
        "timeseries_used": "10,30,33,34,35,70,73,78"
    }
}