{
    "model_name": "PhenoGrass",
    "parameters": {
        "b2": 0.00034057200217127437,
        "b3": 0.030837416525350658,
        "b4": 0.09058612593933635,
        "Phmax": 48.08899417873934,
        "Phmin": 32.82828561903168,
        "Topt": 17.5678708221161,
        "L": 0.6778686297947569,
        "h": 96.03796633170799,
        "b1": -1
    },
    "metadata": {
        "fitting_info": {
            "method": "DE",
            "loss_function": "mean_cvmae",
            "optimize_output": {
                "fun": 0.5080443821969379,
                "nfev": 995200,
                "nit": 621,
                "message": "Optimization terminated successfully.",
                "success": true
            }
        },
        "fitting_set": "vegtype_AG",
        "timeseries_used": "2,3,4,5,6,7,12,20,22,23,24,25,26,27,38,39,40,41,42,43,49,50,51,53,54,55,56,61,66,76,79,81,96,100,101,103,104,106"
    }
}