{
    "model_name": "PhenoGrass",
    "parameters": {
        "b2": 0.0011079307906794456,
        "b3": 0.10371356862911574,
        "b4": 0.13803898019875493,
        "Phmax": 41.9572863318479,
        "Phmin": 7.882085429330534,
        "Topt": 28.223463852270775,
        "L": 3.771133281486339,
        "h": 28.714794094554236,
        "b1": -1
    },
    "metadata": {
        "fitting_info": {
            "method": "DE",
            "loss_function": "mean_cvmae",
            "optimize_output": {
                "fun": 0.43757572087096475,
                "nfev": 1328000,
                "nit": 829,
                "message": "Optimization terminated successfully.",
                "success": true
            }
        },
        "fitting_set": "vegtype_GR",
        "timeseries_used": "1,9,11,13,14,15,17,18,28,31,32,36,44,46,47,52,57,58,59,60,62,63,64,65,67,68,69,71,74,77,80,95,97,99,105,107,108,109"
    }
}