{
    "model_name": "PhenoGrass",
    "parameters": {
        "b2": 0.0004030840151875992,
        "b3": 0.04369664768172754,
        "b4": 0.14464501500398086,
        "Phmax": 48.4797122361252,
        "Phmin": 1.008467205848845,
        "Topt": 26.5749705811356,
        "L": 0.6327371987995338,
        "h": 244.10925595788046,
        "b1": -1
    },
    "metadata": {
        "fitting_info": {
            "method": "DE",
            "loss_function": "mean_cvmae",
            "optimize_output": {
                "fun": 0.3974226707386928,
                "nfev": 2675200,
                "nit": 1671,
                "message": "Optimization terminated successfully.",
                "success": true
            }
        },
        "fitting_set": "vegtype_SH",
        "timeseries_used": "10,21,30,33,34,35,37,45,48,70,73,75,78,92,98"
    }
}