{
    "model_name": "PhenoGrass",
    "parameters": {
        "b2": 0.00048289904210585544,
        "b3": 0.07770789296733627,
        "b4": 0.09897426623885508,
        "Phmax": 48.86101150351584,
        "Phmin": 9.164923075770073,
        "Topt": 25.593173794599245,
        "L": 0.5647538395616873,
        "h": 171.65778846104655,
        "b1": -1
    },
    "metadata": {
        "fitting_info": {
            "method": "DE",
            "loss_function": "mean_cvmae",
            "optimize_output": {
                "fun": 0.49491117279471103,
                "nfev": 1368000,
                "nit": 854,
                "message": "Optimization terminated successfully.",
                "success": true
            }
        },
        "fitting_set": "allsites",
        "timeseries_used": "1,2,3,4,5,6,7,9,10,12,13,14,15,17,20,21,22,23,24,25,26,27,28,30,31,32,33,34,35,36,37,38,39,40,41,42,43,44,45,46,47,48,49,50,51,52,53,54,55,56,57,58,59,60,61,62,63,64,65,66,67,68,69,70,71,73,74,76,77,78,79,80,81,92,95,96,97,99,100,101,104,107,108,109"
    }
}