{
    "model_name": "PhenoGrass",
    "parameters": {
        "b2": 0.001591054026645361,
        "b3": 0.05432010840619217,
        "b4": 0.27348951062979765,
        "Phmax": 45.01610660145712,
        "Phmin": 25.97795379767531,
        "Topt": 29.464338584283723,
        "L": 0.5264759286963745,
        "h": 7.628553515924921,
        "b1": -1
    },
    "metadata": {
        "fitting_info": {
            "method": "DE",
            "loss_function": "mean_cvmae",
            "optimize_output": {
                "fun": 0.49108302160130796,
                "nfev": 864000,
                "nit": 539,
                "message": "Optimization terminated successfully.",
                "success": true
            }
        },
        "fitting_set": "ecoregion_GrPlains",
        "timeseries_used": "7,12,13,14,15,20,36,46,47,49,50,52,53,54,55,56,61,62,63,64,65,66,67,74,76,81,97,107"
    }
}