{
    "model_name": "PhenoGrass",
    "parameters": {
        "b2": 0.005395962959120315,
        "b3": 0.021248805200588805,
        "b4": 7.2161119707349,
        "Phmax": 41.69609243892846,
        "Phmin": 35.1401394525856,
        "Topt": 11.584268978679106,
        "L": 0.3011757153730663,
        "h": 713.4116508296522,
        "b1": -1
    },
    "metadata": {
        "fitting_info": {
            "method": "DE",
            "loss_function": "mean_cvmae",
            "optimize_output": {
                "fun": 0.45156323651221986,
                "nfev": 4136000,
                "nit": 2584,
                "message": "Optimization terminated successfully.",
                "success": true
            }
        },
        "fitting_set": "ecoregion-vegtype_ETempForests_AG",
        "timeseries_used": "2,3,4,5,6,25,26,27,38,39,40,41,42,43,51,96,100,104"
    }
}