{
    "model_name": "PhenoGrass",
    "parameters": {
        "b2": 0.0014800499223748265,
        "b3": 0.05881902792483196,
        "b4": 0.2603431930146263,
        "Phmax": 42.774785222018934,
        "Phmin": 25.5540070567487,
        "Topt": 29.460149666704513,
        "L": 2.9066925405477644,
        "h": 30.369112585667835,
        "b1": -1
    },
    "metadata": {
        "fitting_info": {
            "method": "DE",
            "loss_function": "mean_cvmae",
            "optimize_output": {
                "fun": 0.38822102306061584,
                "nfev": 1267200,
                "nit": 791,
                "message": "Optimization terminated successfully.",
                "success": true
            }
        },
        "fitting_set": "ecoregion-vegtype_GrPlains_GR",
        "timeseries_used": "13,14,15,36,46,47,52,62,63,64,65,67,74,97,107"
    }
}