{
    "model_name": "PhenoGrass",
    "parameters": {
        "b2": 0.0012433876094173069,
        "b3": 0.03592893964344723,
        "b4": 1.318513011456306,
        "Phmax": 34.400457514754535,
        "Phmin": 1.2313774356635037,
        "Topt": 30.387461458147,
        "L": 17.167530749837347,
        "h": 213.47497068948746,
        "b1": -1
    },
    "metadata": {
        "fitting_info": {
            "method": "DE",
            "loss_function": "mean_cvmae",
            "optimize_output": {
                "fun": 0.342319691369847,
                "nfev": 5252800,
                "nit": 3282,
                "message": "Optimization terminated successfully.",
                "success": true
            }
        },
        "fitting_set": "ecoregion_NWForests",
        "timeseries_used": "1,17,21,57,58,59,79"
    }
}