{
    "model_name": "PhenoGrass",
    "parameters": {
        "b2": 0.006872029707303606,
        "b3": 0.0021031634002404154,
        "b4": 9.943593080999507,
        "Phmax": 41.801119718020885,
        "Phmin": 41.30462098933379,
        "Topt": 40.9093558948401,
        "L": 12.114367105831263,
        "h": 2.7889949647696994,
        "b1": -1
    },
    "metadata": {
        "fitting_info": {
            "method": "DE",
            "loss_function": "mean_cvmae",
            "optimize_output": {
                "fun": 0.4439722474729308,
                "nfev": 9044800,
                "nit": 5652,
                "message": "Optimization terminated successfully.",
                "success": true
            }
        },
        "fitting_set": "ecoregion-vegtype_NADeserts_GR",
        "timeseries_used": "28,68,69,71,77"
    }
}