{
    "model_name": "PhenoGrass",
    "parameters": {
        "b2": 0.01059847307929282,
        "b3": 0.014248049226823767,
        "b4": 9.661523718256536,
        "Phmax": 29.72967623176087,
        "Phmin": 29.71188874932219,
        "Topt": 32.73082949735581,
        "L": 8.168902883279014,
        "h": 25.07754220246636,
        "b1": -1
    },
    "metadata": {
        "fitting_info": {
            "method": "DE",
            "loss_function": "mean_cvmae",
            "optimize_output": {
                "fun": 0.4566486540950969,
                "nfev": 881600,
                "nit": 550,
                "message": "Optimization terminated successfully.",
                "success": true
            }
        },
        "fitting_set": "ecoregion_NADeserts",
        "timeseries_used": "10,28,30,33,34,35,68,69,70,71,73,77,78"
    }
}