{
    "model_name": "PhenoGrass",
    "parameters": {
        "b2": 0.025819589023650724,
        "b3": 0.02297161971253381,
        "b4": 8.863861653444284,
        "Phmax": 46.81176684282894,
        "Phmin": 35.85184331972886,
        "Topt": 26.950284573384828,
        "L": 0.39874521885018055,
        "h": 90.05745651827152,
        "b1": -1
    },
    "metadata": {
        "fitting_info": {
            "method": "DE",
            "loss_function": "mean_cvmae",
            "optimize_output": {
                "fun": 0.5640298069071936,
                "nfev": 4540800,
                "nit": 2837,
                "message": "Optimization terminated successfully.",
                "success": true
            }
        },
        "fitting_set": "ecoregion-vegtype_GrPlains_AG",
        "timeseries_used": "7,12,20,49,50,53,54,55,56,61,66,76,81"
    }
}