{
    "model_name": "PhenoGrass",
    "parameters": {
        "b2": 0.013662463996957197,
        "b3": 0.023645812759591323,
        "b4": 5.011224318066696,
        "Phmax": 46.09167963382566,
        "Phmin": 34.927172443620904,
        "Topt": 18.73150520913399,
        "L": 0.02788276431851955,
        "h": 112.11256910975129,
        "b1": -1
    },
    "metadata": {
        "fitting_info": {
            "method": "DE",
            "loss_function": "mean_cvmae",
            "optimize_output": {
                "fun": 0.5152490114826042,
                "nfev": 6600000,
                "nit": 4124,
                "message": "Optimization terminated successfully.",
                "success": true
            }
        },
        "fitting_set": "vegtype_AG",
        "timeseries_used": "2,3,4,5,6,7,12,20,22,23,24,25,26,27,38,39,40,41,42,43,49,50,51,53,54,55,56,61,66,76,79,81,96,100,101,104"
    }
}