{
    "model_name": "PhenoGrass",
    "parameters": {
        "b2": 0.0015320845811765682,
        "b3": 0.11290298073585525,
        "b4": 0.1359100448667787,
        "Phmax": 49.7481234235084,
        "Phmin": 7.670276934396281,
        "Topt": 28.38358653556217,
        "L": 3.617456898901814,
        "h": 6.504921893016046,
        "b1": -1
    },
    "metadata": {
        "fitting_info": {
            "method": "DE",
            "loss_function": "mean_cvmae",
            "optimize_output": {
                "fun": 0.43191851718597357,
                "nfev": 2110400,
                "nit": 1318,
                "message": "Optimization terminated successfully.",
                "success": true
            }
        },
        "fitting_set": "vegtype_GR",
        "timeseries_used": "1,9,13,14,15,17,28,31,32,36,44,46,47,52,57,58,59,60,62,63,64,65,67,68,69,71,74,77,80,95,97,99,107,108,109"
    }
}