{
    "model_name": "PhenoGrass",
    "parameters": {
        "b2": 0.008064147535526034,
        "b3": 0.029237470919464492,
        "b4": 4.383315234120722,
        "Phmax": 48.146022938494525,
        "Phmin": 26.531694085812504,
        "Topt": 34.16505451316408,
        "L": 0.37812625782211917,
        "h": 256.9690771752295,
        "b1": -1
    },
    "metadata": {
        "fitting_info": {
            "method": "DE",
            "loss_function": "mean_cvmae",
            "optimize_output": {
                "fun": 0.49877716976104003,
                "nfev": 454400,
                "nit": 283,
                "message": "Optimization terminated successfully.",
                "success": true
            }
        },
        "fitting_set": "allsites",
        "timeseries_used": "1,2,3,4,5,6,7,9,10,11,12,13,14,15,17,18,20,21,22,23,24,25,26,27,28,30,31,33,34,35,36,37,38,39,40,41,42,43,44,45,46,47,48,49,50,51,52,53,54,55,56,57,58,59,60,61,62,63,64,65,66,67,68,69,70,71,73,74,76,77,78,79,80,81,92,95,96,97,98,99,100,101,103,104,105,106,107,108,109"
    }
}