{
    "model_name": "PhenoGrass",
    "parameters": {
        "b2": 0.01432144761414006,
        "b3": 0.02690890547049385,
        "b4": 9.863211703665444,
        "Phmax": 49.6940973387713,
        "Phmin": 33.13458756543248,
        "Topt": 35.63350414445972,
        "L": 3.1769617307469726,
        "h": 949.5914721509091,
        "b1": -1
    },
    "metadata": {
        "fitting_info": {
            "method": "DE",
            "loss_function": "mean_cvmae",
            "optimize_output": {
                "fun": 0.27345984572313803,
                "nfev": 4270400,
                "nit": 2668,
                "message": "Optimization terminated successfully.",
                "success": true
            }
        },
        "fitting_set": "ecoregion-vegtype_ETempForests_GR",
        "timeseries_used": "9,60,80,95,105,108"
    }
}