{
    "model_name": "PhenoGrass",
    "parameters": {
        "b2": 0.00043976413689947313,
        "b3": 0.07757009373306012,
        "b4": 0.10274282775980126,
        "Phmax": 48.14867295447533,
        "Phmin": 8.999564736010019,
        "Topt": 25.349767296690363,
        "L": 0.22480230434002024,
        "h": 217.8232444928314,
        "b1": -1
    },
    "metadata": {
        "fitting_info": {
            "method": "DE",
            "loss_function": "mean_cvmae",
            "optimize_output": {
                "fun": 0.4949021801787705,
                "nfev": 1356800,
                "nit": 847,
                "message": "Optimization terminated successfully.",
                "success": true
            }
        },
        "fitting_set": "allsites",
        "timeseries_used": "1,2,3,4,5,6,7,9,10,12,13,14,15,17,20,21,22,23,24,25,26,27,28,30,31,32,33,34,35,36,37,38,39,40,41,42,43,44,45,46,47,48,49,50,51,52,53,54,55,56,57,58,59,60,61,62,63,64,65,66,67,68,69,70,71,73,74,76,77,78,79,80,81,92,95,96,97,99,100,101,104,107,108,109"
    }
}