{
    "model_name": "PhenoGrass",
    "parameters": {
        "b2": 0.0012899639298140364,
        "b3": 0.0534411807856654,
        "b4": 0.2536746464632511,
        "Phmax": 43.066690174494795,
        "Phmin": 26.409469625817962,
        "Topt": 28.878517846449252,
        "L": 0.5542295455849207,
        "h": 13.720971639604386,
        "b1": -1
    },
    "metadata": {
        "fitting_info": {
            "method": "DE",
            "loss_function": "mean_cvmae",
            "optimize_output": {
                "fun": 0.49115886232773537,
                "nfev": 884800,
                "nit": 552,
                "message": "Optimization terminated successfully.",
                "success": true
            }
        },
        "fitting_set": "ecoregion_GrPlains",
        "timeseries_used": "7,12,13,14,15,20,36,46,47,49,50,52,53,54,55,56,61,62,63,64,65,66,67,74,76,81,97,107"
    }
}