{
    "model_name": "PhenoGrass",
    "parameters": {
        "b2": 0.005046733436578077,
        "b3": 0.0015523062485129913,
        "b4": 5.8136229578717105,
        "Phmax": 42.1108331917665,
        "Phmin": 41.29826219182239,
        "Topt": 40.6919074276889,
        "L": 13.596635096568084,
        "h": 48.50014672897339,
        "b1": -1
    },
    "metadata": {
        "fitting_info": {
            "method": "DE",
            "loss_function": "mean_cvmae",
            "optimize_output": {
                "fun": 0.44678833522728445,
                "nfev": 3201600,
                "nit": 2000,
                "message": "Maximum number of iterations has been exceeded.",
                "success": false
            }
        },
        "fitting_set": "ecoregion-vegtype_NADeserts_GR",
        "timeseries_used": "28,68,69,71,77"
    }
}