{
    "model_name": "PhenoGrass",
    "parameters": {
        "b2": 0.01102894003371041,
        "b3": 0.026245109261600952,
        "b4": 8.473665695883728,
        "Phmax": 47.90222368265783,
        "Phmin": 33.289331944009625,
        "Topt": 34.92294733836393,
        "L": 3.196964819236211,
        "h": 955.9413519989537,
        "b1": -1
    },
    "metadata": {
        "fitting_info": {
            "method": "DE",
            "loss_function": "mean_cvmae",
            "optimize_output": {
                "fun": 0.2590593046549685,
                "nfev": 2038400,
                "nit": 1273,
                "message": "Optimization terminated successfully.",
                "success": true
            }
        },
        "fitting_set": "ecoregion-vegtype_ETempForests_GR",
        "timeseries_used": "9,60,80,95,108"
    }
}