{
    "model_name": "PhenoGrass",
    "parameters": {
        "b2": 0.004447084316065719,
        "b3": 0.053895040242201375,
        "b4": 0.7683944160554237,
        "Phmax": 46.10905395622022,
        "Phmin": 26.10616285295864,
        "Topt": 32.22939432924575,
        "L": 4.687158599260716,
        "h": 14.048330861971579,
        "b1": -1
    },
    "metadata": {
        "fitting_info": {
            "method": "DE",
            "loss_function": "mean_cvmae",
            "optimize_output": {
                "fun": 0.38860754543598464,
                "nfev": 857600,
                "nit": 535,
                "message": "Optimization terminated successfully.",
                "success": true
            }
        },
        "fitting_set": "ecoregion-vegtype_GrPlains_GR",
        "timeseries_used": "13,14,15,36,46,47,52,62,63,64,65,67,74,97,107"
    }
}