{
    "model_name": "PhenoGrass",
    "parameters": {
        "b2": 0.016442848112880798,
        "b3": 0.022778198907209557,
        "b4": 9.513021351494098,
        "Phmax": 42.93002759576568,
        "Phmin": 35.884438491253974,
        "Topt": 27.52574619442019,
        "L": 0.4488132421980353,
        "h": 105.88986351929816,
        "b1": -1
    },
    "metadata": {
        "fitting_info": {
            "method": "DE",
            "loss_function": "mean_cvmae",
            "optimize_output": {
                "fun": 0.5641245311046901,
                "nfev": 3201600,
                "nit": 2000,
                "message": "Maximum number of iterations has been exceeded.",
                "success": false
            }
        },
        "fitting_set": "ecoregion-vegtype_GrPlains_AG",
        "timeseries_used": "7,12,20,49,50,53,54,55,56,61,66,76,81"
    }
}