{
    "model_name": "PhenoGrass",
    "parameters": {
        "b2": 0.0013233048987727758,
        "b3": 0.113086415644295,
        "b4": 0.13610374322093044,
        "Phmax": 44.40950913102181,
        "Phmin": 7.294827783164351,
        "Topt": 28.364873388957587,
        "L": 3.4560014969520676,
        "h": 8.671127025994053,
        "b1": -1
    },
    "metadata": {
        "fitting_info": {
            "method": "DE",
            "loss_function": "mean_cvmae",
            "optimize_output": {
                "fun": 0.4319246446554909,
                "nfev": 1739200,
                "nit": 1086,
                "message": "Optimization terminated successfully.",
                "success": true
            }
        },
        "fitting_set": "vegtype_GR",
        "timeseries_used": "1,9,13,14,15,17,28,31,32,36,44,46,47,52,57,58,59,60,62,63,64,65,67,68,69,71,74,77,80,95,97,99,107,108,109"
    }
}